siteID,Name,devo_open,devo_low,devo_med,devo_high,forest_decid,forest_everg,forest_mix
84,Tnca,0.2122164478848545,0.07702246643785775,0.0547938141376406,0.02236903172575017,0.3646627742412349,0.017174992981028724,0.13975201544746657
85,Cape Cod Cooperative Extension Field Office,0.05939141843849728,0.12337212167047674,0.1122856471693681,0.026269501595650207,0.00884339710204713,0.058801285687275474,0.06041412422580886
86,Tuckahoe State Park,0.04011263506468209,0.014892922209618095,0.006345032255107536,0.0013635374056122742,0.05341285391816484,0.007224456590239822,0.04269361658244818
55,Hemlock Bluffs,0.2600052712094561,0.19473681194960266,0.12346948714569737,0.0272298075435591,0.0881409246388935,0.08526467774002625,0.10072307242756384
105,Wellesley College,0.13950163866798065,0.16647663465725482,0.16598961794971695,0.06506256732289781,0.1112403456099741,0.050506497375839385,0.12767572708729633
104,The Children's Museum,0.1764084053113317,0.18062252016100153,0.22078409465285834,0.07689112342973371,0.15637488719865927,0.00913296950424706,0.03949407703436323
103,TMS,0.1565190237865371,0.20693685667057235,0.14283095028691095,0.06791037720984464,0.16042662785800843,0.0038875503848875416,0.01772745894007672
102,Bolton Flats WMA,0.058932392905538,0.08872088259645163,0.08636599333640825,0.03059637140786281,0.23993514027634139,0.07046332875915672,0.16148753369754856
101,Mass Audubon's Boston Nature Center,0.06742767115439702,0.11594958464623317,0.2630048696648525,0.24600973932970496,0.068521913491836145,0.016751647092523633,0.03706674305356631
100,RVCC,0,0,0,0,0,0,0
99,Currituck Banks Reserve,0.005838521060788802,0.009236207998028998,0.012244278220712139,0.0012949026101455046,1.489710967424032e-4,0.0043946473539008945,1.0026900742277138e-4
98,South Shore Natural Science Center,0.12787266591418242,0.14401574487346233,0.11927543788280726,0.0359043848441269,0.0472260260237319,0.1021354127872666,0.17788613041659743
97,Museum of American Bird Art,0.10846521435201632,0.1494476467689628,0.2146069926543896,0.07987062099629855,0.1289750524277185,0.04168433356634542,0.08682087482667339
95,Mt. Auburn Cemetery,0.06467027442037684,0.13211941683879413,0.30661513824152087,0.3447658445610105,0.05131738396793702,0.007147706860939143,0.015581714475610419
96,Mass Audubon's Broadmoor Wildlife Sanctuary,0.12488971388631077,0.15206020189520242,0.13919826292209503,0.0497089592428357,0.12484960984496923,0.056225865960835536,0.14602167909891947
93,Walker Nature Center,0.25511306176355153,0.2426022111001928,0.15340474478380323,0.06123068725165231,0.18505287102106532,0.00603339855668272,0.05030124019859221
79,Manomet Bird Observatory,0.029382023598431353,0.050920820072703106,0.036557802979738804,0.004915623719889657,0.011532809496664194,0.08270336387933232,0.08879633104262212
80,Duke School,0.2780706227475606,0.14602396108472324,0.10872155981963297,0.03300521964327663,0.1728555631313276,0.08734164885723616,0.09957429254066566
81,Roxbury Park,0.02827864390853201,0.00694718989749672,0.001335006388549885,3.4091364857818956e-4,0.006288281164950639,0.17527258767783374,0.00986071242358091
82,Mataniuck State Park,0.15687105895700054,0.17013273132006498,0.19872740659674373,0.08301938685177811,0.1589108754881092,0.0037530332243712237,0.028239426330249735
83,Environmental Sciences Magnet School,0.17136595427720164,0.20095399071792816,0.26365094826104396,0.08819973643499684,0.11416375408239271,0.0022746805706755284,0.01766744972211081
87,Bio group 30-31,0.19575529799996563,0.0829060367694661,0.062358562450228305,0.0159269423135316,0.2098317358648387,0.13373761794817443,0.13830658791041955
88,Zoo Knoxville,0.2100261841600156,0.19740392934287498,0.14017979407905667,0.07020448854944338,0.19577959468982942,0.016979596981659628,0.04089770988867435
89,Ijams Nature Center,0.17643182912016134,0.14440904819746522,0.11462654412944331,0.062292301698255906,0.2582792840281438,0.0268775926477666,0.05727316480645383
91,The New York Botanical Garden,0.1046168832099013,0.11634889484163934,0.21256285006231287,0.27137761606669625,0.03889183343121947,0.002632898336890659,0.002257588563079259
90,Pritchard Park (Chapel Hill Public Library),0.21218493413626544,0.0897053178018301,0.07008371197579744,0.01777375420422055,0.20872988133641213,0.12445065806436827,0.13057578483558419
78,NC Botanical Garden,0.19858759490044406,0.08917633576851454,0.06755765649620399,0.016828534593897722,0.1895917490330898,0.13433319008738004,0.13341928090531444
77,Prairie Ridge Ecostation,0.2966291555412947,0.20375760631653736,0.1685937911829756,0.05239047477166726,0.06469523165602833,0.0718374339639939,0.07447887420785441
40,Red Top Mountain State Park,0.12632495674195285,0.0727737861963858,0.03817880756757996,0.018939003288757493,0.29083158582281965,0.16368730447935645,0.088558676246462
44,Riverside-Corona Resource Conservation District Land Use Learning Center,0.13421265233857985,0.26027193188524544,0.26050398501108696,0.04445393029238694,0,8.021589535263481e-5,2.4924224627425814e-4
45,Central Park,0.05731106400045837,0.07677476651578526,0.05960579843006933,0.022872858534349394,0.010410817624477167,0.09532172119406405,0.059307855383028706
46,Fresh Pond Reservation,0.06280832631452292,0.13270994837593322,0.30575370564541543,0.3377623459442735,0.055623356309194356,0.008998401430118432,0.017375136795182516
47,Calvin College Ecosystem Preserve,0.1314950365988168,0.23185457879130797,0.24062110555643093,0.13848247410866482,0.11240062454341006,0.0037845038747475325,0.00818209164744811
48,Irrigation ditch transect.,0.09111118750501335,0.11622950256110558,0.09723606861700299,0.05238520861264854,0,1.432385666976062e-5,0
49,Beus Pond,0.0863327489199812,0.1534457469604776,0.15445414647002875,0.08563660948583084,0.1808472847697297,0.08701169972612786,0.0015813537763415724
50,Linda Loring Nature Foundation,0.011762953286235682,0.028476316528295832,0.023795199706642373,0.0042599881969392255,0.019873260337705048,0.013679518251771891,0.014186591493774745
51,Acadia NP - Sundew,0.00538024093624214,0.006981707753792382,0.005821432152526106,0.0015556287691051553,0.011190213576656973,0.09037544226554554,0.03570783973872312
52,Acadia NP - Alder,0.004981937254519984,0.0073511506584808956,0.0060419239044178525,0.0015097647689085861,0.009293504573699153,0.094032275161075,0.03800195381323035
53,Crawford Park District,0.05480829558834905,0.054143640077581344,0.02335461949904456,0.008133435323575503,0.1106737372261519,0.0010542811550108436,0.02183909033871647
54,Kalamazoo Nature Center,0.10039246018104732,0.11385928726939383,0.063948092127879,0.02860948779649364,0.25137504297009283,0.004297009281540048,0.017603414690042396
56,Stage Nature Center,0.24921573963988483,0.3043990202117145,0.23751557777427626,0.12530117030267438,0.028494076864677486,2.4924438842016303e-4,0.0016387102319118765
57,Piedmont Wildlife Center,0.24710809618480684,0.12797139894235673,0.10187694440784008,0.024601951426328785,0.12577131758518154,0.12095004554855934,0.09836770005557498
59,Jordan Lake SRA,0.06568117685817827,0.027433286064200077,0.017621359918639796,0.0025754515634623925,0.12734018019566556,0.306501654419664,0.1684242189850028
60,UNC Chapel Hill Campus,0.19467196090059274,0.08112382147430663,0.06036515316894851,0.015266760060620124,0.21792017968309083,0.13346167839820774,0.1394434751718191
61,Pfeiffer University,0.04896613364348369,0.019588745208807202,0.006087464692704782,0.0034003861601132127,0.312013360910742,0.13079025318123744,0.08559977999186429
63,Cradle Heritage Site,0.023126702704560884,0.0011258261071339561,3.2084611704580936e-4,2.864697473623298e-5,0.629545916803456,0.013773465453180816,0.31240958298598875
92,Schumacher Farm Park,0.05219100222308803,0.0763756789585864,0.0481688171796576,0.012393142804757867,0.02698072559759815,6.474457406091719e-4,0.017377902046616094
65,"College of Charleston Plantation, Hollywood SC",0.06288317194751619,0.02121984759067209,0.007866842376668768,0.0016730648026127314,0.0056895662636795965,0.29209304990546037,0.009519853320346073
66,CawCaw Interpretive Center,0.049625865151029014,0.019188018517669707,0.008568432873447312,0.0013979923912545262,0.006563115918778934,0.26739755695100154,0.008370765916487144
67,East Carolina University,0.13874486527983868,0.11269743965808636,0.07928810005328078,0.03127524391711115,0.006193174331268942,0.084011756145909125,0.015626163726675336
68,NC State University,0.30225836574983816,0.2014282358737561,0.16564499773705108,0.05524459899971928,0.05987934758322783,0.06007413306139753,0.06996808955548808
69,Forest Meadow (TNCA),0.21437431071771296,0.078932668757788,0.055787106661510474,0.022730202380440854,0.3630444434895945,0.017130007591056876,0.1371030808232716
70,Plants of Promise Garden (TNCA),0.21055044031787684,0.07601141331438754,0.05333948307769877,0.021654930586192868,0.368497648009259,0.017182996911758806,0.1405092446700624
71,Azalea Repository (TNCA),0.21158479463474866,0.07647660437573948,0.05455779935312166,0.022362853484061525,0.36485313455241347,0.017317889996304372,0.14056855392037496
72,Stream Garden (TNCA),0.21266295614112982,0.07778353867263253,0.054669619045709356,0.022211591620667034,0.3654084681334987,0.017158554785632645,0.13857753002747086
73,Great Smoky Mountains Institute at Tremont,0.033510478291386744,0.005686782885218662,0.003257366317629027,4.0394780192233316e-4,0.37255160361547607,0.07238687312887654,0.4664365214650986
74,Wild Spirit Education,0.05184100754051019,0.01563108798789851,0.006047878801769384,0.001962480804932273,0.30905205014783066,0.03861073548623685,0.10216932914670762
75,"Graham Middle School, Graham, NC",0.1749697764892599,0.14512155294414236,0.06870620455730435,0.03431156285630797,0.2649470300745418,0.03909289360751262,0.060959818487048296
76,Georgetown,0.1951394180364028,0.27655302010346783,0.2357158816822976,0.12417572344411534,0.08814817785467524,4.726520650598406e-4,0.017628489747747025
106,Sault College,0.01711181841361153,0.01905132972551761,0.021168462457420996,0.008843827798898174,0.03943195523940216,0.009207665223731367,0.03683352575653833
107,Beare Swamp in Rouge Park,0,0,0,0,0,0,0
108,Piney Knoll Conservation Area,0.0386371709810123,0.036600318562572336,0.028114865871406144,0.00988632587346878,0.05392645559031478,0.17579382813663813,0.3072123483103579
109,The Montessori School,0.1565314799110724,0.20696007425912769,0.14286860259906947,0.06793621507643648,0.16023011161788636,0.003902042126011322,0.01773395063143178
111,Pathfinder Ranch,0.02631903123504926,0.0016272134256566865,3.781552327230328e-4,3.72425607984805e-5,4.297218553670827e-5,0.13056955334710355,0.014859781758593722
112,NC Museum of Life and Science,0.2565502621250752,0.1438966396424786,0.10007734838284585,0.030738820293923854,0.1502277480161572,0.0994299137708769,0.11115249090440313
113,BBS 27-041-11,0.08546291097028523,0.013081145502675818,0.007577667510857981,0.002532573943137412,0.4196079667212908,0.04568087276394348,0.34526087803536437
114,BBS 27-041-32,0.05722061477640588,0.00825622368006417,0.004772681697080815,0.0016987996676884293,0.5250751998166557,0.026249749333944482,0.3082734122095855
115,BBS 63-022-05,0.026517137168965466,0.0021484123232930865,0.0011171744081124048,3.580687205488477e-4,0.6230911356507541,0.027906443804694998,0.25436056087884384
116,BBS 63-031-05,0.1018586955898952,0.012207000475560215,0.006251038497458904,0.0012662506947189898,0.3631532507119079,0.02215938715758232,0.42264984444024273
117,BBS 63-031-17,0.11168722535106365,0.012037286368245857,0.006336620049157505,8.021038036908234e-4,0.3882927220538441,0.019359348233366373,0.42303527537942376
118,BBS 63-906-15,0.02635589627235954,0.003050981470659012,0.002039717189773912,1.1459085335808496e-4,0.4985160484490128,0.0389179185717396,0.40983991657785873
119,BBS 63-906-27,0.03613940097116583,0.003351811267242491,0.0020425995158494838,1.1745663415123258e-4,0.5516078667296922,0.02300144672195723,0.352049045306748
120,BBS 63-906-44,0.03978524505155437,0.0018679325825313924,7.019071820861827e-4,5.443361820260193e-5,0.6963263037567792,0.008199421857676142,0.214141854009036
121,BBS 63-909-09,0.033854845594744574,0.004277336419814983,6.245541456930116e-4,6.87582545717077e-5,0.2960902337494163,0.11239969173382534,0.4844649318577048
122,BBS 63-909-44,0.02986981733171369,0.0034522472553918087,4.182805803213312e-4,2.005454837157067e-5,0.3179104306571016,0.1018599161146891,0.5028276913203915
123,BBS 63-910-06,0.0966937011009537,0.006866994594068086,0.003128393031590467,6.503161338562601e-4,0.22369442590263594,0.09152554997550572,0.5558369454049579
124,BBS 63-910-28,0.09579627322075653,0.006685859150088085,0.0032254830347040204,6.846273936893969e-4,0.19556281241495868,0.09436972743808991,0.5841819562010341
125,BBS 63-911-08,0.04179640615645508,0.0017416362787420114,4.898352033961907e-4,6.015520041707606e-5,0.6013915903029817,0.01365809502802946,0.3063446549239896
126,BBS 63-911-38,0.03779443653519489,0.0011228906413366982,3.2941944835132727e-4,1.7187101653112726e-5,0.6230438929931051,0.02020916702711838,0.28809019790947554
127,BBS 82-042-06,0.04705905944905349,0.00866869872118073,0.0027415547508823396,2.8647385066691113e-4,0.4482513636155292,0.023826030159967,0.34493456937250766
128,BBS 82-042-19,0.05720931964740496,0.007385359341562843,0.0018993379532413362,1.5183244573422448e-4,0.4997235503582386,0.014816554893158659,0.33846316917285696
129,BBS 82-042-40,0.05203138382741759,0.007396225117947161,0.00211116108130405,1.6614293448525769e-4,0.6012369055019092,0.01398751636364678,0.25162633881127594
130,BBS 82-902-43,0.02035133555639589,4.526338707644356e-4,6.875451201485098e-5,2.864771333952124e-6,0.48924564841234375,0.032056791226924265,0.44736269150996366
131,BBS 82-903-39,0.006150734535787134,3.208580661425985e-4,8.59441248596246e-5,2.8648041619874865e-6,0.4123341278390209,0.1636204249077533,0.4110764788119084
132,BBS 82-903-44,0.005443159094945883,3.724266749173499e-4,1.0886318189891767e-4,2.864820576287307e-6,0.41632432060780034,0.18578361437223187,0.38614057101603727
133,BBS 88-900-09,0.044354804053299106,0.019564588352924663,0.006643766347991256,0.0019080415643648887,0.5916877000077353,0.04665820558145131,0.20892195651613385
134,BBS 88-900-29,0.03777519946141836,0.010880495036741008,0.004148224542706946,0.001206079097016315,0.6141463624253363,0.05358600833655623,0.21107243636571985
135,BBS 88-902-23,0.03594387404317734,0.010115391667048631,0.0033345556217628455,1.776137874134849e-4,0.6200869734610625,0.02529277627538158,0.20357977723793372
136,BBS 88-902-36,0.038030928957365255,0.012525139088632835,0.003982146233577228,3.4951211546505165e-4,0.616837316434518,0.027536970933197347,0.19167301709171541
137,BBS 88-905-17,0.03684658334025651,0.010069642391618849,0.002311863843538097,2.9793536521432724e-4,0.6674353781057614,0.016982315817216653,0.15802892837805707
138,BBS 88-905-38,0.03298793641335331,0.005947282326888534,0.0010685627687521306,1.0026728393116507e-4,0.6877533539406475,0.021027481830135763,0.16830293324777193
139,BBS 88-907-21,0.048026264900776085,0.013235584815174513,0.0024494426443667115,7.047519187300714e-4,0.6814492678888097,0.02352897361191088,0.1172266006606333
140,BBS 88-907-45,0.03530534077789778,0.00617929406507023,0.0018792846113519104,9.682899369465636e-4,0.7051900913572962,0.012951594097442053,0.13144106179580542
141,BBS 88-920-25,0.03500197670354603,0.006302533045326672,0.0012948840620398434,1.4037459964591224e-4,0.6728641574945712,0.019804277701065128,0.16014449989400284
142,BBS 88-920-36,0.03516436295924945,0.006548735944997493,0.0010370264269856048,7.448256105421471e-5,0.6756771467449688,0.019156341760366683,0.12553749194299219
143,BBS 88-921-12,0.03564338282689096,0.012625011100957118,0.0025295858411947206,6.474364667157496e-4,0.6487571225173246,0.03478681865189977,0.13948531665659225
144,BBS 88-921-30,0.03219725726006755,0.005752477318107985,0.0010886162255383637,1.4323897704452153e-4,0.7283587391532285,0.01940888138953267,0.10926269168956103
145,BBS 88-922-17,0.025170818352408645,0.0026471472977038003,4.15407314033605e-4,5.7297560556359316e-5,0.7342109409691883,0.012894816003208664,0.1476959218461274
146,BBS 88-922-42,0.04156341227936985,0.020733003492266307,0.003684212034137691,6.904316486992096e-4,0.5905052756426601,0.021102570640325218,0.13483471180924606
147,BBS 88-923-05,0.08798464601326286,0.03913547888110686,0.0163451209556138,0.005872327017001103,0.48951431558744757,0.019513312995030008,0.1430412924848537
148,BBS 88-923-46,0.03381051558028207,0.003807335638552353,7.133382799093573e-4,3.72425607984805e-5,0.6803900728521786,0.016020030768084843,0.14973801290884453
149,Chattahoochee Nature Center,0.32010004469350567,0.2426513562759996,0.12124545902522318,0.047526959351829566,0.12061230102795063,0.06145357032351222,0.04608588029016399
150,Dunwoody Nature Center,0.28329632865880733,0.2407271060434602,0.1532480554640386,0.08563979888556245,0.0994427812235894,0.054418358138402255,0.04401598601939522
151,Blue Heron Nature Preserve,0.2850447343014545,0.19508911049931102,0.17522152288568474,0.11899066352299455,0.07748502410753422,0.06292882905853131,0.061462036721375346
154,NC Aquarium at Fort Fisher,0.012197916786029403,0.02202958668026447,0.015873334173647,0.005574717253549371,5.442940792263003e-5,0.07869346503340247,4.0105879521937915e-5
152,Austin Nature & Science Center,0.1566055897418268,0.2193813239827197,0.21260041023525503,0.1470372534864267,0.008855008193246016,0.1998378539424983,0.0013092004996161206
153,Blackstone River State Park,0.08419783009164955,0.1167264007425934,0.18806922849931385,0.11470948038516303,0.2737453695347618,0.008305471755952637,0.055897916326454605
158,Columbus Botanical Garden,0.11165892689858278,0.23705462910706662,0.13348593233886147,0.06167941030702194,0.11491621856226526,0.1254042966455912,0.09714292262428273
159,H.J. Andrews Experimental Forest,0.007932960893854748,7.534737143675692e-4,1.1746168170749176e-4,3.7243947858473e-5,4.6698180776393066e-4,0.9349978513107005,0.004813064030941126
160,Discovery Center at Murfree Spring,0.12279641353232691,0.19297029419347447,0.14997851556905095,0.044378240568334816,0.05625769858775674,0.06882179380675471,0.07556217594316651
190,Cathy Lawn,0.1592837702334909,0.20334049563099843,0.2801117318435754,0.14988397077782553,0.09408680704770091,6.875805758487323e-5,0.07231055722675835
161,Wye Marsh Wildlife Centre,0,0,0,0,0,0,0
162,Riverbend Park,0.3099718952244801,0.1537855499626129,0.04459233750941839,0.010582980710555192,0.32808386167064413,0.0017848394647200553,0.04748876238715832
163,Caledon State Park,0.05772999174917492,0.01968738540520719,0.009491313714704804,0.0030052484415108178,0.19498876971030438,0.028445292445911256,0.22867677392739275
164,Backyard,0.14920357531656447,0.4588151034206154,0.23069386351916576,0.1140147825588724,0.022483240703603965,1.518363605110869e-4,0.01705150976909414
165,Litzsinger Road Ecology Center Woodland Site B,0.14918869675822477,0.4588246416171061,0.23037058681976005,0.11387466052459692,0.022717636678240342,1.5183288069946257e-4,0.017205816631716456
166,Oregon Ridge Nature Center,0.188067047300375,0.07332116756954969,0.03555191410245025,0.016418051548843057,0.37695915110852646,0.002154314214749604,0.0428112654590666
168,Cuyamaca Outdoor School,0.05216736181134843,0.0031625263543862865,3.924511870932258e-4,5.44275368961408e-5,2.864607205060042e-5,0.015222522687689064,0.023022848107067558
167,Seven Islands State Birding Park,0.10666697225890921,0.04986978905540483,0.02614819122816567,0.00603067191139353,0.36270552272030576,0.040951270451999575,0.067824288280442
169,Fernbank Museum,0.28907796542191283,0.2486585592941143,0.18489106613381462,0.13705183848280406,0.03424004125306175,0.05729878389411714,0.035162505550542164
170,Litzsinger Road Ecology Center Woodland Site A,0.152566846298636,0.4593163671368039,0.2225087165911754,0.11358642245886658,0.026142611166977515,1.4897707185565267e-4,0.01797179176443287
171,Riverbanks,0.15582205516656544,0.23426595464286123,0.1839754535140896,0.09231862301319001,0.013932021589906375,0.08637681491582916,0.06293904633120567
172,Marin Municipal Water District,0.11065306075676666,0.08464350377008227,0.07778229780212224,0.02111933628217175,0.03290227580042628,0.3156613113927532,0.09403146700891526
173,Lakeside Lab,0.046610497245482906,0.03444650392622535,0.026250275738190526,0.00846552055073153,8.365252117812544e-4,3.437774842936662e-5,0.025405156089301932
174,Forest Park Camden NY,0.04163300386764074,0.008368428591892279,0.0032087093539607506,9.883970777825526e-4,0.38160148975791436,0.23971064317433033,0.050093109869646185
175,Schuylkill Center,0.2862058000326585,0.21186477094655182,0.18460925839452025,0.09440594499050325,0.13602832694010034,6.560345148639087e-4,0.034096606095677905
176,Coweeta - BB,0.057440378142233045,0.004434577096612476,0.0021943708372126336,2.0339468595574018e-4,0.6627085869798753,0.011504690968989472,0.22756141230394614
177,Coweeta - BS,0.05786925633092701,0.006419731866620832,0.0035464649936977196,5.29964478056606e-4,0.6014609831557236,0.01788128795691532,0.2658330468660479
178,Coweeta - RK,0.11243629154478858,0.010597305264846684,0.004864618637391098,8.222294163317108e-4,0.39814239179947913,0.03945555234048893,0.38923251903017037
179,Fernbank Forest,0.28969660162885763,0.2488004148058176,0.18441670796581863,0.1364504882848868,0.03434466123714116,0.05747982548362978,0.035172554063693316
181,Crossways Survey,0.3052672588883382,0.22725098186380813,0.1166777911143832,0.05305072461692272,0.136899458864848,4.955869841097052e-4,0.021530819494615862
182,Appalachian State University,0.15500067323090674,0.024840788052586497,0.01812566785938355,0.006904197809564462,0.46721938446641437,0.009385125321217087,0.1925440393281442
183,Camp Woods Survey,0.31098219529314025,0.2362425336255425,0.12317190208127426,0.05593514101958088,0.13923767779639895,4.841505163794709e-4,0.022064658444702276
184,University of Pittsburgh,0.15979763892986976,0.2032548506212061,0.2800426264541837,0.14909519048696712,0.0943826469080065,7.734638863982078e-5,0.07226444443807849
185,UNCW,0.15081588687590958,0.1996229960924519,0.12976554711402935,0.04657258757605968,6.0160198012994605e-5,0.0672333184365224,3.9820321541934525e-4
186,Imago,0.1797579316765738,0.2244302800257824,0.1923827257752632,0.11405858339898303,0.19936403351715248,3.5235980806416957e-4,0.022247368044116592
187,Lake Superior Zoo,0.07079100997427656,0.07976843178706265,0.09016379354794356,0.055517361886920004,0.24976081215016988,0.013993205346349735,0.05787486608344935
188,Scott's Run Nature Preserve,0.29580248894185596,0.2393773061673504,0.08678351247908693,0.03173343570233539,0.2397210826667889,0.001277702656246419,0.04516077280957074
189,Potter Park Zoo,0.1707924904469181,0.2284318050311943,0.20120766996465217,0.09951532789843656,0.04703209950100544,0.001475213547902905,0.008908571133937932
191,EwA at Habitat,0.08441911899523286,0.15137685643564355,0.3086095067840117,0.23367310689402274,0.07708791712504584,0.014974674550788412,0.034209410524385774
192,EwA at Fresh Pond,0.06242068141646159,0.13383104103223736,0.30983736646546367,0.33157244884219933,0.056301512317119634,0.008757631056502046,0.017389211813204915
193,EwA at the Fells,0.06490950653993571,0.14771431681591354,0.3439123883512945,0.23744005775081212,0.07164423666374475,0.012971015738242152,0.02464435697793667
194,"Merrimac Farms, Nokesville, VA",0.0644696431436364,0.014023859182691206,0.006248424285485091,0.0015671197084641654,0.31645790836790355,0.051064610024982235,0.13621908734615296
195,Saint Louis Zoo Historic Valley,0.0862648365720965,0.3477752662203161,0.3242201041102641,0.1928589641114673,0.0037702010869409518,1.0313619994671296e-4,0.0015499078936436587
196,EwA at the Growing Center,0.04244042469073553,0.0948678427979625,0.27384874546631754,0.388028786376893,0.042543560595208765,0.0077953554464352225,0.013092530095629903
197,Triangle Land Conservancy,0.1923362295922606,0.07556915355328858,0.054043446748655716,0.015950909700318847,0.3069776635698755,0.11432344709242533,0.13343130767093228
198,Forest Meadow,0.21271823020816025,0.07757163565940331,0.05466999753622607,0.022225532719490744,0.3648047029433504,0.01714614763162569,0.13903420061995428
199,Virginia Zoo,0.13639996905860816,0.2791028142341862,0.1840267929533845,0.1241895790538237,6.360174990760557e-4,0.00879251218317304,0.0037186969090122536
200,Utah's Hogle Zoo,0.0410731679367444,0.13604537901793387,0.15089382914112187,0.1005786970721366,0.24241104681143644,0.0847934452529651,0.006142210508222082
201,Big Branch,0.06521072731075224,0.013719979487355788,0.00244089006540554,4.5265332198835136e-4,0.2861256027021684,0.1401391765720392,0.15630864080812942
202,VaZooVol_TheresaP,0.1352621025494128,0.27775708965912344,0.1832053852764251,0.12385849326840447,6.33056430822114e-4,0.008725293612145517,0.003678029217989115
203,88-956651-30,0.06608168036027365,0.039402064927177516,0.019340071275510788,0.005869916463267902,0.5438997559214823,0.005236801998464482,0.059014289479413756
204,Halley STEAM Reston Site,0.22661578876503635,0.22551859077379674,0.16919480564125922,0.07418834563742047,0.16549355288752146,0.021482735603931578,0.04948276998089214
206,Roger Judson Home,0.16450659195214604,0.14723745351828615,0.05083051148506569,0.011278798608843128,0.4498283972474804,0.00509651580521512,0.049535612584583825
207,Woodland Edge Hill,0.03864773046273009,0.03074746062755298,0.0196045854793155,0.008292705283842544,0.5270980974041971,0.013606338548619028,0.01671431272235622
208,"Moyer Sports Complex, Salem VA.",0.07963341755905827,0.11879837965748205,0.06658988947522217,0.023720714371658902,0.426720754479147,0.022620623270364577,0.1917997375824352
211,Lake Elkhorn Trail,0.19746667927025238,0.1995978310374756,0.1430105956053588,0.05177495724806435,0.25026138118112784,0.0018246554781198888,0.025654025843079627
209,Halley Elementary South,0.17143421866764444,0.19710624011733163,0.10429509361321813,0.042257717074959324,0.2972763938859225,0.003019226802942457,0.05543174370373766
210,Woodland Edge Ravine,0.03853966416745215,0.030701088404580523,0.019602169360222094,0.008288377076749856,0.527439312634833,0.013620098383293748,0.016748652744790756
213,Occoquan Forest,0.20514532093796106,0.13340018048731575,0.06044033175287562,0.013860279898583319,0.42142069301399493,0.003933477532194067,0.0762401340762917
214,Inglewood area,0.24284118253695428,0.24837573049157785,0.16385642259653949,0.09284977655551736,0.131651770367824,0.016471868912570183,0.045955081929643635
215,Putnam Marsh Extension,0.04788192524644266,0.06104558723683419,0.06236625060518468,0.03199958747174611,0.0750228466168386,5.958741445052096e-4,0.004428949170216606
216,Lillian Anderson Arboretum Fern Oak Site,0.11352288190217003,0.11973358160853685,0.07150898803981952,0.02172599011673709,0.28032657738308386,0.010757000644560625,0.026298073479911192
217,16 Old Paris Mtn,0.23786334065720008,0.21691154354072195,0.13084990274630678,0.07692924686396228,0.18360752477176176,0.025154187924500197,0.059048317468138316
218,White Pond Yard,0.1041377196274534,0.12596510025583213,0.11287841240828862,0.02903537244633398,0.16063565549466133,0.08661622600320291,0.1536568526057349
219,Becca's Beautiful Yard,0.19348572836478545,0.25892639715340826,0.11487212397113299,0.04142398345218007,0.21775166237405064,0.002360700073628631,0.015166924987609189
220,Liberty Fox Backyard,0.07799410976015035,0.03202388182849547,0.006669493370615266,0.0024294374477155265,0.3605737827028638,0.03140506285596415,0.05900267008927037
221,Honeybee House,0.16509290719593878,0.09698388233474094,0.04514435996310069,0.01398621432541297,0.31170750992671703,0.026860865529510856,0.06861610391396272
222,2 Henry Circle,0.09173050368698184,0.02231096698045642,0.011794331158004503,0.0031455369471675844,0.5864191872024201,0.002924948290581151,0.02364022849547077
223,Burgundy Center,0.04844961795538086,0.008041989095899359,0.001784880372905344,3.0368751128084505e-4,0.5297885933824772,0.026311944373615857,0.17312766621877534
224,Jordan Community Garden,0.04777661275074342,0.04554491752181561,0.016701903959755002,0.007646206118110822,0.054079218018575494,4.583712922059691e-5,0.006760976560038045
225,Brookbanks Park,0,0,0,0,0,0,0
226,Somerville Street Trees,0.04314195102805559,0.0994278871359119,0.28501935214019486,0.3867878312138132,0.04535075933157049,0.007371288929888242,0.012705661253033173
227,Bluegrass Elementary Area Caterpillars Count,0.18822963190025868,0.1923807450231047,0.13095916782930303,0.046240936449867216,0.16867442266868732,0.009456745630444933,0.033595654652598526
228,Schoodic,0.00512802883155428,0.006623465172376254,0.005629372432404559,0.0015240845465848475,0.009972440426056117,0.08690719700225175,0.03267327867255674
229,Camp Henry Hoover - Girl Scouts Heart of New Jersey,0.06987770256139939,0.018798683347323007,0.008886546135842116,0.0037299429622393407,0.5619666138592304,0.004638078076701607,0.06693270919336403
230,BHRC Pine Hollow,0.026725604899932965,0.012224049320185868,0.002360585104249626,3.6096325623234573e-4,0.4159843697180476,0.00195951481954702,0.023820710123586945
231,BHRC Happy Hill,0.034556647635635485,0.0244443234912441,0.009857367529986049,0.003916019010023519,0.42901463565553927,0.003990500717602606,0.031121895043815295
232,Discovery Park Grounds,0.05310517902263781,0.03348115807506976,0.016484177595957165,0.008015767972451885,0.049569990431499275,3.953452395276484e-4,0.009075751585678188
233,Botany Bay Heritage Preserve,0.026800473269715037,0.01100667218623679,0.0034120110811577346,4.5264294779422506e-4,4.154001736086243e-4,0.12645067767524873,0.0019566780591357955
234,Bernheim Arboretum &amp; Research Forest,0.05707033230862673,0.025420936675423944,0.021994424755689128,0.012809310027704322,0.5724137140696132,0.019776932928034653,0.0767498560349298
236,Souther WV caterpillar watch,0.07854151508728108,0.05325664132545789,0.030002692622786462,0.006808898258961564,0.5419361676530069,0.14503497545130076,0.019283762338800695
237,"Gardens Park, Las Vegas, NV",0.054741462045098395,0.10924800678395342,0.28738981089156845,0.10416004171214609,0,3.781595661478432e-4,1.776204022815627e-4
238,Dale Hollow Lake State Resort Park,0.032502972396109386,0.010978527124009797,0.0026586829778395336,6.073715423512727e-4,0.5707516222836597,0.01061467719062012,0.036336289017175435
239,Birmingham Zoo AL,0.2051069754649737,0.2721084537547414,0.20357138764424784,0.10609593985996356,0.1058209092055052,0.02804453204680105,0.05662193598661518
240,Chepiwanoxet,0.08738982099223412,0.11803226092909871,0.20302729087830967,0.09982497400391302,0.10979372140788506,0.007639841760457875,0.035346084545290486
241,Scar,0.19434951862344352,0.2395825873739269,0.12112757552928505,0.043792233237755045,0.25611352523467285,0.002947554160233513,0.04864180485415479
242,RBP TRAINING SITE,0.30813921842188946,0.151837920375405,0.04280889123166878,0.00921896620380848,0.3311751746819342,0.001816291042018203,0.047094650535863154
243,East Blake Lane Park,0.27186788318031424,0.260607015483335,0.1294154718764771,0.04462236990990733,0.19439391552200752,8.020969104945787e-4,0.055238695446667714
244,Saginaw Children's Zoo,0.0890302066772655,0.18674859278992825,0.13065497930362796,0.06425471576504962,0.05387645196866182,7.476474885059941e-4,0.009398587776966155
245,Squam Lakes Association,0.049091987314465464,0.02425950913742376,0.011748730157365947,0.0023062003844622255,0.23817750007878324,0.10980665159758092,0.34386450428151116
246,Halyburton Park,0.11725760058673207,0.16207327275019195,0.10985469213756116,0.038636077146098576,5.443315036155072e-5,0.10026299806332581,7.534693971098862e-4
247,PAMS TREES,0.10886405959031657,0.16453803180060164,0.11692594184214296,0.027912906460392493,0.0022403667096404524,0.01303538175046555,0.007130783555364561
248,Riverbanks Zoo,0.15570274071888365,0.2332490138052935,0.1835195906826444,0.09167242006594685,0.01478217773563393,0.08818027381405968,0.0664596397846844
249,Highlands Biological Station,0.10190161342072696,0.007468373286886373,0.0036983774121098225,8.135857358940276e-4,0.2256382637392859,0.07743674657377275,0.5599360590365311
250,Ridge Lodge 1,0.08130453964670628,0.09709847647095898,0.0632874765798234,0.028639939494296076,0.10109494697156346,0.019071329120088926,0.03184857530840147
251,Cowee MAPS Site,0.10307615620846129,0.014108837145345374,0.005786771783471605,0.0012146491268277032,0.4750825044689921,0.021462620891964983,0.29463262593390477
252,Kituah MAPS Site,0.09601551511262493,0.019986879760741837,0.01008940669590551,0.0022315865463118662,0.544919631372841,0.01485050661884559,0.25462144672122927
253,Big Bald Banding Station,0.057457731025513215,0.005377083369142359,0.003984828431793832,8.135810744999628e-4,0.7014100162143271,0.008442336008983769,0.16898422684015424
254,Site 1,0.2723788023766824,0.27406333617908774,0.12931661786866366,0.04530765660721141,0.18485180113333602,6.331326026047247e-4,0.052613032791112076
255,EwA at Horn Pond,0.0806051907049767,0.16500356685489348,0.35056023973848793,0.18459118686022227,0.07777176139602976,0.015098253243832493,0.02811369242537538
256,Broyhill Park,0.2521944148418073,0.3322561793117673,0.16797873193761673,0.06837349742743534,0.11670218983120767,4.469043280965313e-4,0.03423401744072788
257,Merrimac Farm,0.06393864823287086,0.013441468592169456,0.005740985306629922,0.0013435739065915334,0.3135511890199359,0.05121909994872074,0.13523400817603395
259,Harry and Jane P,0.03538043275855648,0.01071439826048593,0.004090952063094628,9.826306426060625e-4,0.21116531972738445,0.18519293078899798,0.2370918716678651
260,Bernheim,0.05079390541883774,0.0170840769184496,0.008630838993173818,0.0034947306908967996,0.5429207354975838,0.025491482310074278,0.07950798775125538
261,Bernheim Forest,0.047754925469771066,0.015267022486556482,0.010399566827960224,0.005119566369577113,0.6389258937754438,0.021125731622418372,0.07337854136764331
262,Backyard1,0.11737608360596563,0.09231778517529636,0.06275604040496639,0.024528312697312257,0.3440696028831224,0.01483673574624856,0.14116241627657808
263,BISP Camp Store,0.04053833394924329,0.005554648401355575,0.0015440719382829576,3.237108145194327e-4,0.013618771789605159,0.19764693749516582,0.17363217857378171
264,Center Hill Preserve (MA),0.04352434922617649,0.05715579035427995,0.0393844937343502,0.005133993800244094,0.022151808071142486,0.11364118196455482,0.10300075061739714
265,BISP Creek Landing Road,0.04027937730259954,0.005517644429929354,0.001529814187737422,3.208599045441784e-4,0.013728220201568777,0.19855498450132067,0.17240776710154643
266,BISP Watch House Trail,0.04029152915291529,0.005549252841950862,0.0015756784011734506,3.2373028969563623e-4,0.013694077741107443,0.195684933076641,0.17261413641364137
267,"Belle Isle State Park, Lancaster, VA",0.04006864326416484,0.0055464674216661744,0.0015757009720642542,3.2373492698774676e-4,0.01369140899180922,0.19635812531693075,0.170737227511166
268,BHRC - Pan Hollow,0.028445142125450813,0.017998069282397527,0.004978616013497836,7.963493968655917e-4,0.4211886230889763,0.002984877955158081,0.026313904890673832
269,BHRC - Hemlock Draw,0.026912509991204876,0.012668418052065995,0.0024551864022208407,3.83891456123212e-4,0.40212057056583883,0.0017332412757801734,0.025007377018653115
270,Utah's Hogle Zoo,0.04143798338584933,0.1385018619306789,0.1550128902893154,0.10403322830134631,0.23676596963620739,0.08149813806932112,0.006081352048123747
271,"Riverbend Park - Catawba County, NC",0.09804876511555287,0.06673045685424611,0.006915696683387718,0.0018420849077954856,0.20906947496282885,0.059743139451270695,0.14802570324384562
272,ABQ BioPark Botanical Garden,0.0849196868258893,0.22574490576415687,0.2568875672857384,0.08945458087323209,0,0,0
273,Trinity College Caterpillar Count,0,0,0,0,0,0,0
